[
    {
        "id": "accessories2_1",
        "src": "accessories2_1.png",
        "alt": "Accessories 2 Item 1",
        "visibility": "hidden"
    },
    {
        "id": "accessories2_2",
        "src": "accessories2_2.png",
        "alt": "Accessories 2 Item 2",
        "visibility": "hidden"
    },
    {
        "id": "accessories2_3",
        "src": "accessories2_3.png",
        "alt": "Accessories 2 Item 3",
        "visibility": "hidden"
    },
    {
        "id": "accessories2_4",
        "src": "accessories2_4.png",
        "alt": "Accessories 2 Item 4",
        "visibility": "hidden"
    },
    {
        "id": "accessories2_5",
        "src": "accessories2_5.png",
        "alt": "Accessories 2 Item 5",
        "visibility": "hidden"
    },
    {
        "id": "accessories2_6",
        "src": "accessories2_6.png",
        "alt": "Accessories 2 Item 6",
        "visibility": "hidden"
    },
    {
        "id": "accessories2_7",
        "src": "accessories2_7.png",
        "alt": "Accessories 2 Item 7",
        "visibility": "hidden"
    },
    {
        "id": "accessories2_8",
        "src": "accessories2_8.png",
        "alt": "Accessories 2 Item 8",
        "visibility": "hidden"
    },
    {
        "id": "accessories2_9",
        "src": "accessories2_9.png",
        "alt": "Accessories 2 Item 9",
        "visibility": "hidden"
    },
    {
        "id": "accessories2_10",
        "src": "accessories2_10.png",
        "alt": "Accessories 2 Item 10",
        "visibility": "hidden"
    }
]