[
    {
        "id": "accessories1_1",
        "src": "accessories1_1.png",
        "alt": "Accessories 1 Item 1",
        "visibility": "hidden"
    },
    {
        "id": "accessories1_2",
        "src": "accessories1_2.png",
        "alt": "Accessories 1 Item 2",
        "visibility": "hidden"
    },
    {
        "id": "accessories1_3",
        "src": "accessories1_3.png",
        "alt": "Accessories 1 Item 3",
        "visibility": "hidden"
    },
    {
        "id": "accessories1_4",
        "src": "accessories1_4.png",
        "alt": "Accessories 1 Item 4",
        "visibility": "hidden"
    },
    {
        "id": "accessories1_5",
        "src": "accessories1_5.png",
        "alt": "Accessories 1 Item 5",
        "visibility": "hidden"
    },
    {
        "id": "accessories1_6",
        "src": "accessories1_6.png",
        "alt": "Accessories 1 Item 6",
        "visibility": "hidden"
    },
    {
        "id": "accessories1_7",
        "src": "accessories1_7.png",
        "alt": "Accessories 1 Item 7",
        "visibility": "hidden"
    },
    {
        "id": "accessories1_8",
        "src": "accessories1_8.png",
        "alt": "Accessories 1 Item 8",
        "visibility": "hidden"
    },
    {
        "id": "accessories1_9",
        "src": "accessories1_9.png",
        "alt": "Accessories 1 Item 9",
        "visibility": "hidden"
    },
    {
        "id": "accessories1_10",
        "src": "accessories1_10.png",
        "alt": "Accessories 1 Item 10",
        "visibility": "hidden"
    }
]