[
    {
        "id": "bottomunderwear2_1",
        "src": "bottomunderwear2_1.png",
        "alt": "Bottom Underwear 2 Item 1",
        "visibility": "visible"
    },
    {
        "id": "bottomunderwear2_2",
        "src": "bottomunderwear2_2.png",
        "alt": "Bottom Underwear 2 Item 2",
        "visibility": "hidden"
    },
    {
        "id": "bottomunderwear2_3",
        "src": "bottomunderwear2_3.png",
        "alt": "Bottom Underwear 2 Item 3",
        "visibility": "hidden"
    },
    {
        "id": "bottomunderwear2_4",
        "src": "bottomunderwear2_4.png",
        "alt": "Bottom Underwear 2 Item 4",
        "visibility": "hidden"
    },
    {
        "id": "bottomunderwear2_5",
        "src": "bottomunderwear2_5.png",
        "alt": "Bottom Underwear 2 Item 5",
        "visibility": "hidden"
    },
    {
        "id": "bottomunderwear2_6",
        "src": "bottomunderwear2_6.png",
        "alt": "Bottom Underwear 2 Item 6",
        "visibility": "hidden"
    },
    {
        "id": "bottomunderwear2_7",
        "src": "bottomunderwear2_7.png",
        "alt": "Bottom Underwear 2 Item 7",
        "visibility": "hidden"
    },
    {
        "id": "bottomunderwear2_8",
        "src": "bottomunderwear2_8.png",
        "alt": "Bottom Underwear 2 Item 8",
        "visibility": "hidden"
    },
    {
        "id": "bottomunderwear2_9",
        "src": "bottomunderwear2_9.png",
        "alt": "Bottom Underwear 2 Item 9",
        "visibility": "hidden"
    },
    {
        "id": "bottomunderwear2_10",
        "src": "bottomunderwear2_10.png",
        "alt": "Bottom Underwear 2 Item 10",
        "visibility": "hidden"
    }
]