[
    {
        "id": "bottomunderwear1_1",
        "src": "bottomunderwear1_1.png",
        "alt": "Bottom Underwear 1 Item 1",
        "visibility": "visible"
    },
    {
        "id": "bottomunderwear1_2",
        "src": "bottomunderwear1_2.png",
        "alt": "Bottom Underwear 1 Item 2",
        "visibility": "hidden"
    },
    {
        "id": "bottomunderwear1_3",
        "src": "bottomunderwear1_3.png",
        "alt": "Bottom Underwear 1 Item 3",
        "visibility": "hidden"
    },
    {
        "id": "bottomunderwear1_4",
        "src": "bottomunderwear1_4.png",
        "alt": "Bottom Underwear 1 Item 4",
        "visibility": "hidden"
    },
    {
        "id": "bottomunderwear1_5",
        "src": "bottomunderwear1_5.png",
        "alt": "Bottom Underwear 1 Item 5",
        "visibility": "hidden"
    },
    {
        "id": "bottomunderwear1_6",
        "src": "bottomunderwear1_6.png",
        "alt": "Bottom Underwear 1 Item 6",
        "visibility": "hidden"
    },
    {
        "id": "bottomunderwear1_7",
        "src": "bottomunderwear1_7.png",
        "alt": "Bottom Underwear 1 Item 7",
        "visibility": "hidden"
    },
    {
        "id": "bottomunderwear1_8",
        "src": "bottomunderwear1_8.png",
        "alt": "Bottom Underwear 1 Item 8",
        "visibility": "hidden"
    },
    {
        "id": "bottomunderwear1_9",
        "src": "bottomunderwear1_9.png",
        "alt": "Bottom Underwear 1 Item 9",
        "visibility": "hidden"
    },
    {
        "id": "bottomunderwear1_10",
        "src": "bottomunderwear1_10.png",
        "alt": "Bottom Underwear 1 Item 10",
        "visibility": "hidden"
    }
]