[
    {
        "id": "bow2_1",
        "src": "bow2_1.png",
        "alt": "bow2 Item 1",
        "visibility": "hidden"
    },
    {
        "id": "bow2_2",
        "src": "bow2_2.png",
        "alt": "bow2 Item 2",
        "visibility": "hidden"
    },
    {
        "id": "bow2_3",
        "src": "bow2_3.png",
        "alt": "bow2 Item 3",
        "visibility": "hidden"
    },
    {
        "id": "bow2_4",
        "src": "bow2_4.png",
        "alt": "bow2 Item 4",
        "visibility": "hidden"
    },
    {
        "id": "bow2_5",
        "src": "bow2_5.png",
        "alt": "bow2 Item 5",
        "visibility": "hidden"
    },
    {
        "id": "bow2_6",
        "src": "bow2_6.png",
        "alt": "bow2 Item 6",
        "visibility": "hidden"
    },
    {
        "id": "bow2_7",
        "src": "bow2_7.png",
        "alt": "bow2 Item 7",
        "visibility": "hidden"
    },
    {
        "id": "bow2_8",
        "src": "bow2_8.png",
        "alt": "bow2 Item 8",
        "visibility": "hidden"
    },
    {
        "id": "bow2_9",
        "src": "bow2_9.png",
        "alt": "bow2 Item 9",
        "visibility": "hidden"
    },
    {
        "id": "bow2_10",
        "src": "bow2_10.png",
        "alt": "bow2 Item 10",
        "visibility": "hidden"
    }
]