[
    {
        "id": "boxers1_1",
        "src": "boxers1_1.png",
        "alt": "Boxers 1 Item 1",
        "visibility": "hidden"
    },
    {
        "id": "boxers1_2",
        "src": "boxers1_2.png",
        "alt": "Boxers 1 Item 2",
        "visibility": "hidden"
    },
    {
        "id": "boxers1_3",
        "src": "boxers1_3.png",
        "alt": "Boxers 1 Item 3",
        "visibility": "hidden"
    },
    {
        "id": "boxers1_4",
        "src": "boxers1_4.png",
        "alt": "Boxers 1 Item 4",
        "visibility": "hidden"
    },
    {
        "id": "boxers1_5",
        "src": "boxers1_5.png",
        "alt": "Boxers 1 Item 5",
        "visibility": "hidden"
    },
    {
        "id": "boxers1_6",
        "src": "boxers1_6.png",
        "alt": "Boxers 1 Item 6",
        "visibility": "hidden"
    },
    {
        "id": "boxers1_7",
        "src": "boxers1_7.png",
        "alt": "Boxers 1 Item 7",
        "visibility": "hidden"
    },
    {
        "id": "boxers1_8",
        "src": "boxers1_8.png",
        "alt": "Boxers 1 Item 8",
        "visibility": "hidden"
    },
    {
        "id": "boxers1_9",
        "src": "boxers1_9.png",
        "alt": "Boxers 1 Item 9",
        "visibility": "hidden"
    },
    {
        "id": "boxers1_10",
        "src": "boxers1_10.png",
        "alt": "Boxers 1 Item 10",
        "visibility": "hidden"
    }
]