[
    {
        "id": "boxers2_1",
        "src": "boxers2_1.png",
        "alt": "Boxers 2 Item 1",
        "visibility": "visible"
    },
    {
        "id": "boxers2_2",
        "src": "boxers2_2.png",
        "alt": "Boxers 2 Item 2",
        "visibility": "hidden"
    },
    {
        "id": "boxers2_3",
        "src": "boxers2_3.png",
        "alt": "Boxers 2 Item 3",
        "visibility": "hidden"
    },
    {
        "id": "boxers2_4",
        "src": "boxers2_4.png",
        "alt": "Boxers 2 Item 4",
        "visibility": "hidden"
    },
    {
        "id": "boxers2_5",
        "src": "boxers2_5.png",
        "alt": "Boxers 2 Item 5",
        "visibility": "hidden"
    },
    {
        "id": "boxers2_6",
        "src": "boxers2_6.png",
        "alt": "Boxers 2 Item 6",
        "visibility": "hidden"
    },
    {
        "id": "boxers2_7",
        "src": "boxers2_7.png",
        "alt": "Boxers 2 Item 7",
        "visibility": "hidden"
    },
    {
        "id": "boxers2_8",
        "src": "boxers2_8.png",
        "alt": "Boxers 2 Item 8",
        "visibility": "hidden"
    },
    {
        "id": "boxers2_9",
        "src": "boxers2_9.png",
        "alt": "Boxers 2 Item 9",
        "visibility": "hidden"
    },
    {
        "id": "boxers2_10",
        "src": "boxers2_10.png",
        "alt": "Boxers 2 Item 10",
        "visibility": "hidden"
    }
]