[
    {
        "id": "dress2_1",
        "src": "dress2_1.png",
        "alt": "Dress 2 Item 1",
        "visibility": "hidden"
    },
    {
        "id": "dress2_2",
        "src": "dress2_2.png",
        "alt": "Dress 2 Item 2",
        "visibility": "hidden"
    },
    {
        "id": "dress2_3",
        "src": "dress2_3.png",
        "alt": "Dress 2 Item 3",
        "visibility": "hidden"
    },
    {
        "id": "dress2_4",
        "src": "dress2_4.png",
        "alt": "Dress 2 Item 4",
        "visibility": "hidden"
    },
    {
        "id": "dress2_5",
        "src": "dress2_5.png",
        "alt": "Dress 2 Item 5",
        "visibility": "hidden"
    },
    {
        "id": "dress2_6",
        "src": "dress2_6.png",
        "alt": "Dress 2 Item 6",
        "visibility": "hidden"
    },
    {
        "id": "dress2_7",
        "src": "dress2_7.png",
        "alt": "Dress 2 Item 7",
        "visibility": "hidden"
    },
    {
        "id": "dress2_8",
        "src": "dress2_8.png",
        "alt": "Dress 2 Item 8",
        "visibility": "hidden"
    },
    {
        "id": "dress2_9",
        "src": "dress2_9.png",
        "alt": "Dress 2 Item 9",
        "visibility": "hidden"
    },
    {
        "id": "dress2_10",
        "src": "dress2_10.png",
        "alt": "Dress 2 Item 10",
        "visibility": "hidden"
    }
]