[
    {
        "id": "dress1_1",
        "src": "dress1_1.png",
        "alt": "Dress 1 Item 1",
        "visibility": "hidden"
    },
    {
        "id": "dress1_2",
        "src": "dress1_2.png",
        "alt": "Dress 1 Item 2",
        "visibility": "hidden"
    },
    {
        "id": "dress1_3",
        "src": "dress1_3.png",
        "alt": "Dress 1 Item 3",
        "visibility": "hidden"
    },
    {
        "id": "dress1_4",
        "src": "dress1_4.png",
        "alt": "Dress 1 Item 4",
        "visibility": "hidden"
    },
    {
        "id": "dress1_5",
        "src": "dress1_5.png",
        "alt": "Dress 1 Item 5",
        "visibility": "hidden"
    },
    {
        "id": "dress1_6",
        "src": "dress1_6.png",
        "alt": "Dress 1 Item 6",
        "visibility": "hidden"
    },
    {
        "id": "dress1_7",
        "src": "dress1_7.png",
        "alt": "Dress 1 Item 7",
        "visibility": "hidden"
    },
    {
        "id": "dress1_8",
        "src": "dress1_8.png",
        "alt": "Dress 1 Item 8",
        "visibility": "hidden"
    },
    {
        "id": "dress1_9",
        "src": "dress1_9.png",
        "alt": "Dress 1 Item 9",
        "visibility": "hidden"
    },
    {
        "id": "dress1_10",
        "src": "dress1_10.png",
        "alt": "Dress 1 Item 10",
        "visibility": "hidden"
    }
]