[
    {
        "id": "expression1_1",
        "src": "expression1_1.png",
        "alt": "Expression 1 Item 1",
        "visibility": "hidden"
    },
    {
        "id": "expression1_2",
        "src": "expression1_2.png",
        "alt": "Expression 1 Item 2",
        "visibility": "hidden"
    },
    {
        "id": "expression1_3",
        "src": "expression1_3.png",
        "alt": "Expression 1 Item 3",
        "visibility": "hidden"
    },
    {
        "id": "expression1_4",
        "src": "expression1_4.png",
        "alt": "Expression 1 Item 4",
        "visibility": "hidden"
    },
    {
        "id": "expression1_5",
        "src": "expression1_5.png",
        "alt": "Expression 1 Item 5",
        "visibility": "hidden"
    },
    {
        "id": "expression1_6",
        "src": "expression1_6.png",
        "alt": "Expression 1 Item 6",
        "visibility": "hidden"
    },
    {
        "id": "expression1_7",
        "src": "expression1_7.png",
        "alt": "Expression 1 Item 7",
        "visibility": "hidden"
    },
    {
        "id": "expression1_8",
        "src": "expression1_8.png",
        "alt": "Expression 1 Item 8",
        "visibility": "hidden"
    },
    {
        "id": "expression1_9",
        "src": "expression1_9.png",
        "alt": "Expression 1 Item 9",
        "visibility": "hidden"
    },
    {
        "id": "expression1_10",
        "src": "expression1_10.png",
        "alt": "Expression 1 Item 10",
        "visibility": "hidden"
    }
]