[
    {
        "id": "expression2_1",
        "src": "expression2_1.png",
        "alt": "Expression 2 Item 1",
        "visibility": "hidden"
    },
    {
        "id": "expression2_2",
        "src": "expression2_2.png",
        "alt": "Expression 2 Item 2",
        "visibility": "hidden"
    },
    {
        "id": "expression2_3",
        "src": "expression2_3.png",
        "alt": "Expression 2 Item 3",
        "visibility": "hidden"
    },
    {
        "id": "expression2_4",
        "src": "expression2_4.png",
        "alt": "Expression 2 Item 4",
        "visibility": "hidden"
    },
    {
        "id": "expression2_5",
        "src": "expression2_5.png",
        "alt": "Expression 2 Item 5",
        "visibility": "hidden"
    },
    {
        "id": "expression2_6",
        "src": "expression2_6.png",
        "alt": "Expression 2 Item 6",
        "visibility": "hidden"
    },
    {
        "id": "expression2_7",
        "src": "expression2_7.png",
        "alt": "Expression 2 Item 7",
        "visibility": "hidden"
    },
    {
        "id": "expression2_8",
        "src": "expression2_8.png",
        "alt": "Expression 2 Item 8",
        "visibility": "hidden"
    },
    {
        "id": "expression2_9",
        "src": "expression2_9.png",
        "alt": "Expression 2 Item 9",
        "visibility": "hidden"
    },
    {
        "id": "expression2_10",
        "src": "expression2_10.png",
        "alt": "Expression 2 Item 10",
        "visibility": "hidden"
    }
]