[
  {
    "id": "face2_1.png",
    "src": "Face2_1.png",
    "alt": "Face 2 Option 1",
    "visibility": "hidden"
  },
  {
    "id": "face2_2.png",
    "src": "Face2_2.png",
    "alt": "Face 2 Option 2",
    "visibility": "hidden"
  },
  {
    "id": "face2_3.png",
    "src": "Face2_3.png",
    "alt": "Face 2 Option 3",
    "visibility": "hidden"
  },
  {
    "id": "face2_4.png",
    "src": "Face2_4.png",
    "alt": "Face 2 Option 4",
    "visibility": "hidden"
  },
  {
    "id": "face2_5.png",
    "src": "Face2_5.png",
    "alt": "Face 2 Option 5",
    "visibility": "hidden"
  },
  {
    "id": "face2_6.png",
    "src": "Face2_6.png",
    "alt": "Face 2 Option 6",
    "visibility": "hidden"
  },
  {
    "id": "face2_7.png",
    "src": "Face2_7.png",
    "alt": "Face 2 Option 7",
    "visibility": "hidden"
  },
  {
    "id": "face2_8.png",
    "src": "Face2_8.png",
    "alt": "Face 2 Option 8",
    "visibility": "hidden"
  },
  {
    "id": "face2_9.png",
    "src": "Face2_9.png",
    "alt": "Face 2 Option 9",
    "visibility": "hidden"
  },
  {
    "id": "face2_10.png",
    "src": "Face2_10.png",
    "alt": "Face 2 Option 10",
    "visibility": "hidden"
  }
]