[
    { "id": "hat2_1", "src": "hat2_1.png", "alt": "Hat 2 Item 1", "visibility": "hidden" },
    { "id": "hat2_2", "src": "hat2_2.png", "alt": "Hat 2 Item 2", "visibility": "hidden" },
    { "id": "hat2_3", "src": "hat2_3.png", "alt": "Hat 2 Item 3", "visibility": "hidden" },
    { "id": "hat2_4", "src": "hat2_4.png", "alt": "Hat 2 Item 4", "visibility": "hidden" },
    { "id": "hat2_5", "src": "hat2_5.png", "alt": "Hat 2 Item 5", "visibility": "hidden" },
    { "id": "hat2_6", "src": "hat2_6.png", "alt": "Hat 2 Item 6", "visibility": "hidden" },
    { "id": "hat2_7", "src": "hat2_7.png", "alt": "Hat 2 Item 7", "visibility": "hidden" },
    { "id": "hat2_8", "src": "hat2_8.png", "alt": "Hat 2 Item 8", "visibility": "hidden" },
    { "id": "hat2_9", "src": "hat2_9.png", "alt": "Hat 2 Item 9", "visibility": "hidden" },
    { "id": "hat2_10", "src": "hat2_10.png", "alt": "Hat 2 Item 10", "visibility": "hidden" }
]