[
    {
        "id": "mask2_1",
        "src": "mask2_1.png",
        "alt": "mask2 Item 1",
        "visibility": "hidden"
    },
    {
        "id": "mask2_2",
        "src": "mask2_2.png",
        "alt": "mask2 Item 2",
        "visibility": "hidden"
    },
    {
        "id": "mask2_3",
        "src": "mask2_3.png",
        "alt": "mask2 Item 3",
        "visibility": "hidden"
    },
    {
        "id": "mask2_4",
        "src": "mask2_4.png",
        "alt": "mask2 Item 4",
        "visibility": "hidden"
    },
    {
        "id": "mask2_5",
        "src": "mask2_5.png",
        "alt": "mask2 Item 5",
        "visibility": "hidden"
    },
    {
        "id": "mask2_6",
        "src": "mask2_6.png",
        "alt": "mask2 Item 6",
        "visibility": "hidden"
    },
    {
        "id": "mask2_7",
        "src": "mask2_7.png",
        "alt": "mask2 Item 7",
        "visibility": "hidden"
    },
    {
        "id": "mask2_8",
        "src": "mask2_8.png",
        "alt": "mask2 Item 8",
        "visibility": "hidden"
    },
    {
        "id": "mask2_9",
        "src": "mask2_9.png",
        "alt": "mask2 Item 9",
        "visibility": "hidden"
    },
    {
        "id": "mask2_10",
        "src": "mask2_10.png",
        "alt": "mask2 Item 10",
        "visibility": "hidden"
    }
]