[
    {
        "id": "pants2_1",
        "src": "pants2_1.png",
        "alt": "Pants 2 Item 1",
        "visibility": "hidden"
    },
    {
        "id": "pants2_2",
        "src": "pants2_2.png",
        "alt": "Pants 2 Item 2",
        "visibility": "hidden"
    },
    {
        "id": "pants2_3",
        "src": "pants2_3.png",
        "alt": "Pants 2 Item 3",
        "visibility": "hidden"
    },
    {
        "id": "pants2_4",
        "src": "pants2_4.png",
        "alt": "Pants 2 Item 4",
        "visibility": "hidden"
    },
    {
        "id": "pants2_5",
        "src": "pants2_5.png",
        "alt": "Pants 2 Item 5",
        "visibility": "hidden"
    },
    {
        "id": "pants2_6",
        "src": "pants2_6.png",
        "alt": "Pants 2 Item 6",
        "visibility": "hidden"
    },
    {
        "id": "pants2_7",
        "src": "pants2_7.png",
        "alt": "Pants 2 Item 7",
        "visibility": "hidden"
    },
    {
        "id": "pants2_8",
        "src": "pants2_8.png",
        "alt": "Pants 2 Item 8",
        "visibility": "hidden"
    },
    {
        "id": "pants2_9",
        "src": "pants2_9.png",
        "alt": "Pants 2 Item 9",
        "visibility": "hidden"
    },
    {
        "id": "pants2_10",
        "src": "pants2_10.png",
        "alt": "Pants 2 Item 10",
        "visibility": "hidden"
    }
]