[
    {
        "id": "pants1_1",
        "src": "pants1_1.png",
        "alt": "Pants 1 Item 1",
        "visibility": "hidden"
    },
    {
        "id": "pants1_2",
        "src": "pants1_2.png",
        "alt": "Pants 1 Item 2",
        "visibility": "hidden"
    },
    {
        "id": "pants1_3",
        "src": "pants1_3.png",
        "alt": "Pants 1 Item 3",
        "visibility": "hidden"
    },
    {
        "id": "pants1_4",
        "src": "pants1_4.png",
        "alt": "Pants 1 Item 4",
        "visibility": "hidden"
    },
    {
        "id": "pants1_5",
        "src": "pants1_5.png",
        "alt": "Pants 1 Item 5",
        "visibility": "hidden"
    },
    {
        "id": "pants1_6",
        "src": "pants1_6.png",
        "alt": "Pants 1 Item 6",
        "visibility": "hidden"
    },
    {
        "id": "pants1_7",
        "src": "pants1_7.png",
        "alt": "Pants 1 Item 7",
        "visibility": "hidden"
    },
    {
        "id": "pants1_8",
        "src": "pants1_8.png",
        "alt": "Pants 1 Item 8",
        "visibility": "hidden"
    },
    {
        "id": "pants1_9",
        "src": "pants1_9.png",
        "alt": "Pants 1 Item 9",
        "visibility": "hidden"
    },
    {
        "id": "pants1_10",
        "src": "pants1_10.png",
        "alt": "Pants 1 Item 10",
        "visibility": "hidden"
    }
]