[
    {
        "id": "shoes2_1",
        "src": "shoes2_1.png",
        "alt": "Shoes 2 Item 1",
        "visibility": "hidden"
    },
    {
        "id": "shoes2_2",
        "src": "shoes2_2.png",
        "alt": "Shoes 2 Item 2",
        "visibility": "hidden"
    },
    {
        "id": "shoes2_3",
        "src": "shoes2_3.png",
        "alt": "Shoes 2 Item 3",
        "visibility": "hidden"
    },
    {
        "id": "shoes2_4",
        "src": "shoes2_4.png",
        "alt": "Shoes 2 Item 4",
        "visibility": "hidden"
    },
    {
        "id": "shoes2_5",
        "src": "shoes2_5.png",
        "alt": "Shoes 2 Item 5",
        "visibility": "hidden"
    },
    {
        "id": "shoes2_6",
        "src": "shoes2_6.png",
        "alt": "Shoes 2 Item 6",
        "visibility": "hidden"
    },
    {
        "id": "shoes2_7",
        "src": "shoes2_7.png",
        "alt": "Shoes 2 Item 7",
        "visibility": "hidden"
    },
    {
        "id": "shoes2_8",
        "src": "shoes2_8.png",
        "alt": "Shoes 2 Item 8",
        "visibility": "hidden"
    },
    {
        "id": "shoes2_9",
        "src": "shoes2_9.png",
        "alt": "Shoes 2 Item 9",
        "visibility": "hidden"
    },
    {
        "id": "shoes2_10",
        "src": "shoes2_10.png",
        "alt": "Shoes 2 Item 10",
        "visibility": "hidden"
    }
]