[
    {
        "id": "shoes1_1",
        "src": "shoes1_1.png",
        "alt": "Shoes 1 Item 1",
        "visibility": "hidden"
    },
    {
        "id": "shoes1_2",
        "src": "shoes1_2.png",
        "alt": "Shoes 1 Item 2",
        "visibility": "hidden"
    },
    {
        "id": "shoes1_3",
        "src": "shoes1_3.png",
        "alt": "Shoes 1 Item 3",
        "visibility": "hidden"
    },
    {
        "id": "shoes1_4",
        "src": "shoes1_4.png",
        "alt": "Shoes 1 Item 4",
        "visibility": "hidden"
    },
    {
        "id": "shoes1_5",
        "src": "shoes1_5.png",
        "alt": "Shoes 1 Item 5",
        "visibility": "hidden"
    },
    {
        "id": "shoes1_6",
        "src": "shoes1_6.png",
        "alt": "Shoes 1 Item 6",
        "visibility": "hidden"
    },
    {
        "id": "shoes1_7",
        "src": "shoes1_7.png",
        "alt": "Shoes 1 Item 7",
        "visibility": "hidden"
    },
    {
        "id": "shoes1_8",
        "src": "shoes1_8.png",
        "alt": "Shoes 1 Item 8",
        "visibility": "hidden"
    },
    {
        "id": "shoes1_9",
        "src": "shoes1_9.png",
        "alt": "Shoes 1 Item 9",
        "visibility": "hidden"
    },
    {
        "id": "shoes1_10",
        "src": "shoes1_10.png",
        "alt": "Shoes 1 Item 10",
        "visibility": "hidden"
    }
]