[
    {
        "id": "skirt2_1",
        "src": "skirt2_1.png",
        "alt": "Skirt 2 Item 1",
        "visibility": "hidden"
    },
    {
        "id": "skirt2_2",
        "src": "skirt2_2.png",
        "alt": "Skirt 2 Item 2",
        "visibility": "hidden"
    },
    {
        "id": "skirt2_3",
        "src": "skirt2_3.png",
        "alt": "Skirt 2 Item 3",
        "visibility": "hidden"
    },
    {
        "id": "skirt2_4",
        "src": "skirt2_4.png",
        "alt": "Skirt 2 Item 4",
        "visibility": "hidden"
    },
    {
        "id": "skirt2_5",
        "src": "skirt2_5.png",
        "alt": "Skirt 2 Item 5",
        "visibility": "hidden"
    },
    {
        "id": "skirt2_6",
        "src": "skirt2_6.png",
        "alt": "Skirt 2 Item 6",
        "visibility": "hidden"
    },
    {
        "id": "skirt2_7",
        "src": "skirt2_7.png",
        "alt": "Skirt 2 Item 7",
        "visibility": "hidden"
    },
    {
        "id": "skirt2_8",
        "src": "skirt2_8.png",
        "alt": "Skirt 2 Item 8",
        "visibility": "hidden"
    },
    {
        "id": "skirt2_9",
        "src": "skirt2_9.png",
        "alt": "Skirt 2 Item 9",
        "visibility": "hidden"
    },
    {
        "id": "skirt2_10",
        "src": "skirt2_10.png",
        "alt": "Skirt 2 Item 10",
        "visibility": "hidden"
    }
]