[
    {
        "id": "stocking1_1",
        "src": "stocking1_1.png",
        "alt": "stocking1 Item 1",
        "visibility": "hidden"
    },
    {
        "id": "stocking1_2",
        "src": "stocking1_2.png",
        "alt": "stocking1 Item 2",
        "visibility": "hidden"
    },
    {
        "id": "stocking1_3",
        "src": "stocking1_3.png",
        "alt": "stocking1 Item 3",
        "visibility": "hidden"
    },
    {
        "id": "stocking1_4",
        "src": "stocking1_4.png",
        "alt": "stocking1 Item 4",
        "visibility": "hidden"
    },
    {
        "id": "stocking1_5",
        "src": "stocking1_5.png",
        "alt": "stocking1 Item 5",
        "visibility": "hidden"
    },
    {
        "id": "stocking1_6",
        "src": "stocking1_6.png",
        "alt": "stocking1 Item 6",
        "visibility": "hidden"
    },
    {
        "id": "stocking1_7",
        "src": "stocking1_7.png",
        "alt": "stocking1 Item 7",
        "visibility": "hidden"
    },
    {
        "id": "stocking1_8",
        "src": "stocking1_8.png",
        "alt": "stocking1 Item 8",
        "visibility": "hidden"
    },
    {
        "id": "stocking1_9",
        "src": "stocking1_9.png",
        "alt": "stocking1 Item 9",
        "visibility": "hidden"
    },
    {
        "id": "stocking1_10",
        "src": "stocking1_10.png",
        "alt": "stocking1 Item 10",
        "visibility": "hidden"
    }
]