[
    {
        "id": "sweatshirt1_1",
        "src": "sweatshirt1_1.png",
        "alt": "Sweatshirt 1 Item 1",
        "visibility": "hidden"
    },
    {
        "id": "sweatshirt1_2",
        "src": "sweatshirt1_2.png",
        "alt": "Sweatshirt 1 Item 2",
        "visibility": "hidden"
    },
    {
        "id": "sweatshirt1_3",
        "src": "sweatshirt1_3.png",
        "alt": "Sweatshirt 1 Item 3",
        "visibility": "hidden"
    },
    {
        "id": "sweatshirt1_4",
        "src": "sweatshirt1_4.png",
        "alt": "Sweatshirt 1 Item 4",
        "visibility": "hidden"
    },
    {
        "id": "sweatshirt1_5",
        "src": "sweatshirt1_5.png",
        "alt": "Sweatshirt 1 Item 5",
        "visibility": "hidden"
    },
    {
        "id": "sweatshirt1_6",
        "src": "sweatshirt1_6.png",
        "alt": "Sweatshirt 1 Item 6",
        "visibility": "hidden"
    },
    {
        "id": "sweatshirt1_7",
        "src": "sweatshirt1_7.png",
        "alt": "Sweatshirt 1 Item 7",
        "visibility": "hidden"
    },
    {
        "id": "sweatshirt1_8",
        "src": "sweatshirt1_8.png",
        "alt": "Sweatshirt 1 Item 8",
        "visibility": "hidden"
    },
    {
        "id": "sweatshirt1_9",
        "src": "sweatshirt1_9.png",
        "alt": "Sweatshirt 1 Item 9",
        "visibility": "hidden"
    },
    {
        "id": "sweatshirt1_10",
        "src": "sweatshirt1_10.png",
        "alt": "Sweatshirt 1 Item 10",
        "visibility": "hidden"
    }
]