[
    {
        "id": "sweatshirt2_1",
        "src": "sweatshirt2_1.png",
        "alt": "Sweatshirt 2 Item 1",
        "visibility": "hidden"
    },
    {
        "id": "sweatshirt2_2",
        "src": "sweatshirt2_2.png",
        "alt": "Sweatshirt 2 Item 2",
        "visibility": "hidden"
    },
    {
        "id": "sweatshirt2_3",
        "src": "sweatshirt2_3.png",
        "alt": "Sweatshirt 2 Item 3",
        "visibility": "hidden"
    },
    {
        "id": "sweatshirt2_4",
        "src": "sweatshirt2_4.png",
        "alt": "Sweatshirt 2 Item 4",
        "visibility": "hidden"
    },
    {
        "id": "sweatshirt2_5",
        "src": "sweatshirt2_5.png",
        "alt": "Sweatshirt 2 Item 5",
        "visibility": "hidden"
    },
    {
        "id": "sweatshirt2_6",
        "src": "sweatshirt2_6.png",
        "alt": "Sweatshirt 2 Item 6",
        "visibility": "hidden"
    },
    {
        "id": "sweatshirt2_7",
        "src": "sweatshirt2_7.png",
        "alt": "Sweatshirt 2 Item 7",
        "visibility": "hidden"
    },
    {
        "id": "sweatshirt2_8",
        "src": "sweatshirt2_8.png",
        "alt": "Sweatshirt 2 Item 8",
        "visibility": "hidden"
    },
    {
        "id": "sweatshirt2_9",
        "src": "sweatshirt2_9.png",
        "alt": "Sweatshirt 2 Item 9",
        "visibility": "hidden"
    },
    {
        "id": "sweatshirt2_10",
        "src": "sweatshirt2_10.png",
        "alt": "Sweatshirt 2 Item 10",
        "visibility": "hidden"
    }
]