[
    {
        "id": "top1_1",
        "src": "top1_1.png",
        "alt": "Top 1 Item 1",
        "visibility": "hidden"
    },
    {
        "id": "top1_2",
        "src": "top1_2.png",
        "alt": "Top 1 Item 2",
        "visibility": "hidden"
    },
    {
        "id": "top1_3",
        "src": "top1_3.png",
        "alt": "Top 1 Item 3",
        "visibility": "hidden"
    },
    {
        "id": "top1_4",
        "src": "top1_4.png",
        "alt": "Top 1 Item 4",
        "visibility": "hidden"
    },
    {
        "id": "top1_5",
        "src": "top1_5.png",
        "alt": "Top 1 Item 5",
        "visibility": "hidden"
    },
    {
        "id": "top1_6",
        "src": "top1_6.png",
        "alt": "Top 1 Item 6",
        "visibility": "hidden"
    },
    {
        "id": "top1_7",
        "src": "top1_7.png",
        "alt": "Top 1 Item 7",
        "visibility": "hidden"
    },
    {
        "id": "top1_8",
        "src": "top1_8.png",
        "alt": "Top 1 Item 8",
        "visibility": "hidden"
    },
    {
        "id": "top1_9",
        "src": "top1_9.png",
        "alt": "Top 1 Item 9",
        "visibility": "hidden"
    },
    {
        "id": "top1_10",
        "src": "top1_10.png",
        "alt": "Top 1 Item 10",
        "visibility": "hidden"
    }
]