[
    {
        "id": "top2_1",
        "src": "top2_1.png",
        "alt": "Top 2 Item 1",
        "visibility": "hidden"
    },
    {
        "id": "top2_2",
        "src": "top2_2.png",
        "alt": "Top 2 Item 2",
        "visibility": "hidden"
    },
    {
        "id": "top2_3",
        "src": "top2_3.png",
        "alt": "Top 2 Item 3",
        "visibility": "hidden"
    },
    {
        "id": "top2_4",
        "src": "top2_4.png",
        "alt": "Top 2 Item 4",
        "visibility": "hidden"
    },
    {
        "id": "top2_5",
        "src": "top2_5.png",
        "alt": "Top 2 Item 5",
        "visibility": "hidden"
    },
    {
        "id": "top2_6",
        "src": "top2_6.png",
        "alt": "Top 2 Item 6",
        "visibility": "hidden"
    },
    {
        "id": "top2_7",
        "src": "top2_7.png",
        "alt": "Top 2 Item 7",
        "visibility": "hidden"
    },
    {
        "id": "top2_8",
        "src": "top2_8.png",
        "alt": "Top 2 Item 8",
        "visibility": "hidden"
    },
    {
        "id": "top2_9",
        "src": "top2_9.png",
        "alt": "Top 2 Item 9",
        "visibility": "hidden"
    },
    {
        "id": "top2_10",
        "src": "top2_10.png",
        "alt": "Top 2 Item 10",
        "visibility": "hidden"
    }
]