[
    {
        "id": "topunderwear2_1",
        "src": "topunderwear2_1.png",
        "alt": "Top Underwear 2 Item 1",
        "visibility": "hidden"
    },
    {
        "id": "topunderwear2_2",
        "src": "topunderwear2_2.png",
        "alt": "Top Underwear 2 Item 2",
        "visibility": "hidden"
    },
    {
        "id": "topunderwear2_3",
        "src": "topunderwear2_3.png",
        "alt": "Top Underwear 2 Item 3",
        "visibility": "hidden"
    },
    {
        "id": "topunderwear2_4",
        "src": "topunderwear2_4.png",
        "alt": "Top Underwear 2 Item 4",
        "visibility": "hidden"
    },
    {
        "id": "topunderwear2_5",
        "src": "topunderwear2_5.png",
        "alt": "Top Underwear 2 Item 5",
        "visibility": "hidden"
    },
    {
        "id": "topunderwear2_6",
        "src": "topunderwear2_6.png",
        "alt": "Top Underwear 2 Item 6",
        "visibility": "hidden"
    },
    {
        "id": "topunderwear2_7",
        "src": "topunderwear2_7.png",
        "alt": "Top Underwear 2 Item 7",
        "visibility": "hidden"
    },
    {
        "id": "topunderwear2_8",
        "src": "topunderwear2_8.png",
        "alt": "Top Underwear 2 Item 8",
        "visibility": "hidden"
    },
    {
        "id": "topunderwear2_9",
        "src": "topunderwear2_9.png",
        "alt": "Top Underwear 2 Item 9",
        "visibility": "hidden"
    },
    {
        "id": "topunderwear2_10",
        "src": "topunderwear2_10.png",
        "alt": "Top Underwear 2 Item 10",
        "visibility": "hidden"
    }
]