[
    {
        "id": "topunderwear1_1",
        "src": "topunderwear1_1.png",
        "alt": "Top Underwear 1 Item 1",
        "visibility": "visible"
    },
    {
        "id": "topunderwear1_2",
        "src": "topunderwear1_2.png",
        "alt": "Top Underwear 1 Item 2",
        "visibility": "hidden"
    },
    {
        "id": "topunderwear1_3",
        "src": "topunderwear1_3.png",
        "alt": "Top Underwear 1 Item 3",
        "visibility": "hidden"
    },
    {
        "id": "topunderwear1_4",
        "src": "topunderwear1_4.png",
        "alt": "Top Underwear 1 Item 4",
        "visibility": "hidden"
    },
    {
        "id": "topunderwear1_5",
        "src": "topunderwear1_5.png",
        "alt": "Top Underwear 1 Item 5",
        "visibility": "hidden"
    },
    {
        "id": "topunderwear1_6",
        "src": "topunderwear1_6.png",
        "alt": "Top Underwear 1 Item 6",
        "visibility": "hidden"
    },
    {
        "id": "topunderwear1_7",
        "src": "topunderwear1_7.png",
        "alt": "Top Underwear 1 Item 7",
        "visibility": "hidden"
    },
    {
        "id": "topunderwear1_8",
        "src": "topunderwear1_8.png",
        "alt": "Top Underwear 1 Item 8",
        "visibility": "hidden"
    },
    {
        "id": "topunderwear1_9",
        "src": "topunderwear1_9.png",
        "alt": "Top Underwear 1 Item 9",
        "visibility": "hidden"
    },
    {
        "id": "topunderwear1_10",
        "src": "topunderwear1_10.png",
        "alt": "Top Underwear 1 Item 10",
        "visibility": "hidden"
    }
]